category	condition_zh	condition_en	requirement_zh	requirement_en	rule	note_zh	note_en
自身免疫 / autoimmune	乳糜泻 Coeliac disease	Coeliac disease	DQ2.5 (DQA1*05:01+DQB1*02:01) 或 DQ8 (DQA1*03+DQB1*03:02)	DQ2.5 (DQA1*05:01+DQB1*02:01) or DQ8 (DQA1*03+DQB1*03:02)	"(has(""DQA1"",""05:01"") and has(""DQB1"",""02:01"")) or (hasgrp(""DQA1"",""03"") and has(""DQB1"",""03:02""))"	超过 99% 的患者携带 DQ2 或 DQ8；组分等位基因共现≠证实单倍型相位（未做家系/相位分析）	over 99% of patients carry DQ2 or DQ8; co-occurrence of the component alleles does not prove haplotype phase (no family or phase data here)
自身免疫 / autoimmune	1 型糖尿病 Type 1 diabetes	Type 1 diabetes	DRB1*04:05–DQB1*04:01（东亚主要风险单倍型）	DRB1*04:05-DQB1*04:01 (main East Asian risk haplotype)	"has(""DRB1"",""04:05"") and has(""DQB1"",""04:01"")"	东亚人群中报道的比值比约 3–6；这是风险提升，不是诊断	reported odds ratios of 3 to 6 in East Asians; a risk shift, not a diagnosis
自身免疫 / autoimmune	1 型糖尿病（另一风险单倍型）	Type 1 diabetes (other haplotype)	DRB1*09:01–DQB1*03:03	DRB1*09:01-DQB1*03:03	"has(""DRB1"",""09:01"") and has(""DQB1"",""03:03"")"	东亚第二常见的风险单倍型	the second commonest East Asian risk haplotype
自身免疫 / autoimmune	类风湿关节炎 Rheumatoid arthritis	Rheumatoid arthritis	共享表位等位基因 DRB1*04:05 / *04:01 / *01:01 / *10:01	shared-epitope alleles DRB1*04:05 / *04:01 / *01:01 / *10:01	"any(has(""DRB1"",x) for x in (""04:05"",""04:01"",""04:04"",""01:01"",""10:01""))"	DRB1*04:05 是东亚人群中主要的共享表位等位基因	DRB1*04:05 is the main shared-epitope allele in East Asians
自身免疫 / autoimmune	强直性脊柱炎 Ankylosing spondylitis	Ankylosing spondylitis	B*27	B*27	"hasgrp(""B"",""27"")"	阳性者中约 90% 携带 B*27；阴性大幅降低可能性	about 90% of patients carry B*27; its absence makes the diagnosis much less likely
自身免疫 / autoimmune	白塞病 Behçet disease	Behçet disease	B*51	B*51	"hasgrp(""B"",""51"")"	东亚与地中海人群的主要风险等位基因	the main risk allele in East Asian and Mediterranean populations
自身免疫 / autoimmune	发作性睡病 1 型 Narcolepsy	Narcolepsy type 1	DQB1*06:02	DQB1*06:02	"has(""DQB1"",""06:02"")"	患者中携带率接近 100%；未见该等位基因时 1 型发作性睡病可能性显著降低，这是统计关联而非诊断排除	carried by nearly 100% of patients; absence makes type 1 narcolepsy much less likely, a statistical association, not a diagnostic exclusion
自身免疫 / autoimmune	多发性硬化 Multiple sclerosis	Multiple sclerosis	DRB1*15:01	DRB1*15:01	"has(""DRB1"",""15:01"")"	欧洲人群主要风险等位基因，东亚少见	the main European risk allele, uncommon in East Asia
自身免疫 / autoimmune	Graves 病	Graves disease	B*46:01 / DPB1*05:01（东亚）	B*46:01 / DPB1*05:01 (East Asian)	"has(""B"",""46:01"") or has(""DPB1"",""05:01"")"	DPB1*05:01 在东亚人群中与 Graves 病相关，效应小	DPB1*05:01 associates with Graves disease in East Asians, small effect
自身免疫 / autoimmune	Vogt–小柳–原田病 VKH	Vogt-Koyanagi-Harada disease	DRB1*04:05	DRB1*04:05	"has(""DRB1"",""04:05"")"	东亚 VKH 患者中富集，比值比高，但该病本身罕见	enriched in East Asian VKH patients with a high odds ratio, but the disease itself is rare
自身免疫 / autoimmune	IgA 肾病	IgA nephropathy	DQB1*06:02 / DRB1*04:05 等，证据不一致	DQB1*06:02 / DRB1*04:05 and others, evidence inconsistent	"has(""DRB1"",""04:05"")"	关联报道不一致，仅作探索	reports do not agree; exploratory only
药物超敏 / drug hypersensitivity	氨苯砜超敏综合征 Dapsone	Dapsone hypersensitivity syndrome	B*13:01	B*13:01	"has(""B"",""13:01"")"	中国人群比值比约 20；用药前应筛查	odds ratio around 20 in Chinese cohorts; screen before prescribing
药物超敏 / drug hypersensitivity	别嘌醇 SJS/TEN Allopurinol	Allopurinol SJS/TEN	B*58:01	B*58:01	"has(""B"",""58:01"")"	东亚人群强关联；阴性不代表零风险	strong association in East Asians; a negative does not mean zero risk
药物超敏 / drug hypersensitivity	卡马西平 SJS/TEN Carbamazepine	Carbamazepine SJS/TEN	B*15:02	B*15:02	"has(""B"",""15:02"")"	汉族强关联，CFDA 与 FDA 均建议用药前筛查	strong in Han Chinese; both the FDA and China's regulator advise screening
药物超敏 / drug hypersensitivity	卡马西平药疹 Carbamazepine DRESS	Carbamazepine DRESS	A*31:01	A*31:01	"has(""A"",""31:01"")"	多个人群中与迟发型超敏相关	linked to delayed hypersensitivity across several populations
药物超敏 / drug hypersensitivity	阿巴卡韦超敏 Abacavir	Abacavir hypersensitivity	B*57:01	B*57:01	"has(""B"",""57:01"")"	关联极强，用药前必须筛查	a very strong association; screening is mandatory before use
药物超敏 / drug hypersensitivity	奈韦拉平 Nevirapine	Nevirapine hypersensitivity	B*35:05 / DRB1*01:01	B*35:05 / DRB1*01:01	"has(""B"",""35:05"") or has(""DRB1"",""01:01"")"		
药物超敏 / drug hypersensitivity	氟氯西林肝损伤 Flucloxacillin	Flucloxacillin liver injury	B*57:01	B*57:01	"has(""B"",""57:01"")"		
药物超敏 / drug hypersensitivity	拉帕替尼肝损伤 Lapatinib	Lapatinib liver injury	DQA1*02:01 / DRB1*07:01	DQA1*02:01 / DRB1*07:01	"has(""DQA1"",""02:01"") or has(""DRB1"",""07:01"")"		
药物超敏 / drug hypersensitivity	甲巯咪唑粒缺 Methimazole	Methimazole agranulocytosis	B*38:02 / DRB1*08:03	B*38:02 / DRB1*08:03	"has(""B"",""38:02"") or has(""DRB1"",""08:03"")"	东亚人群报道	reported in East Asian cohorts
感染 / infection	HIV 病程控制 HIV control	HIV disease control	B*57:01 / B*27:05（保护性）	B*57:01 / B*27:05 (protective)	"has(""B"",""57:01"") or has(""B"",""27:05"")"	携带者进展较慢	carriers progress more slowly
感染 / infection	乙肝疫苗无应答 HBV vaccine	Hepatitis B vaccine non-response	DRB1*07:01 / DQB1*02:01	DRB1*07:01 / DQB1*02:01	"has(""DRB1"",""07:01"") or has(""DQB1"",""02:01"")"	关联中等	a moderate association
肿瘤 / cancer	鼻咽癌 Nasopharyngeal carcinoma	Nasopharyngeal carcinoma	A*02:07（东亚风险） / A*11:01（保护）	A*02:07 (East Asian risk) / A*11:01 (protective)	"has(""A"",""02:07"")"	南方汉族研究中 A*02:07 与风险升高相关，效应小	A*02:07 associates with raised risk in southern Han studies, small effect
